{
  "category": [
    {
      "categoryId": "001",
      "categoryName": "React Angular",
      "createdAt": "2021-09-17",
      "id": 1
    },
    {
      "categoryId": "222",
      "categoryName": "wsg",
      "createdAt": "2021-09-23",
      "id": 2
    },
    {
      "categoryId": "099",
      "categoryName": "ss",
      "createdAt": "2021-09-18",
      "id": 10
    },
    {
      "categoryId": "66",
      "categoryName": "swapnesh",
      "createdAt": "2021-09-01",
      "id": 11
    }
  ]
}